release-20210321|Latest|release-20210321|2021-03-21T11:20:15Z
playtest-20210131|Pre-release|playtest-20210131|2021-01-30T21:27:38Z
playtest-20201213|Pre-release|playtest-20201213|2020-12-12T20:21:43Z
Release 20200503||release-20200503|2020-05-03T12:50:18Z
Playtest 20200426|Pre-release|playtest-20200426|2020-04-26T11:54:14Z
Playtest 20200418|Pre-release|playtest-20200418|2020-04-18T17:37:32Z
Playtest 20200329|Pre-release|playtest-20200329|2020-03-29T20:12:14Z
Playtest 20200303|Pre-release|playtest-20200303|2020-03-03T21:12:44Z
Playtest 20200301|Pre-release|playtest-20200301|2020-03-01T16:53:54Z
Release 20200202||release-20200202|2020-02-01T15:19:05Z
Playtest 20200118|Pre-release|playtest-20200118|2020-01-18T16:07:51Z
Release 20191117||release-20191117|2019-11-17T14:05:55Z
Playtest 20191102|Pre-release|playtest-20191102|2019-11-02T18:57:42Z
Playtest 20191021|Pre-release|playtest-20191021|2019-10-21T21:10:38Z
Playtest 20190825|Pre-release|playtest-20190825|2019-08-25T16:32:48Z
Release 20190314||release-20190314|2019-03-14T19:47:00Z
playtest-20190302|Pre-release|playtest-20190302|2019-03-02T17:42:10Z
playtest-20190209|Pre-release|playtest-20190209|2019-02-09T19:04:38Z
playtest-20190106|Pre-release|playtest-20190106|2019-01-06T08:42:56Z
release-20181215||release-20181215|2018-12-15T20:37:46Z
Release 20180923||release-20180923|2018-09-23T13:44:24Z
playtest-20180825|Pre-release|playtest-20180825|2018-08-25T20:51:25Z
Playtest 20180729|Pre-release|playtest-20180729|2018-07-29T10:45:02Z
Release 20180307||release-20180307|2018-03-07T22:43:25Z
Release 20180218||release-20180218|2018-02-18T16:14:09Z
Playtest 20180208|Pre-release|playtest-20180208|2018-02-08T20:58:42Z
Playtest 20180102|Pre-release|playtest-20180102|2018-01-01T22:09:48Z
Release 20171014||release-20171014|2017-10-14T11:48:35Z
Playtest 20170930|Pre-release|playtest-20170930|2017-09-30T17:35:20Z
Playtest 20170923|Pre-release|playtest-20170923|2017-09-23T19:22:58Z
